author,title,description,url,urlToImage,publishedAt,content,source.id,source.name
Tim Fitzsimons,Woman of Asian descent assaulted in NYC on her way to protest anti-Asian violence - NBC News,"<ol><li>Woman of Asian descent assaulted in NYC on her way to protest anti-Asian violence  NBC News
</li><li>Man Wanted For Assault On Asian Demonstrator  CBS New York
</li><li>An Asian Woman Was Attacked on Her Way to an Anti-Hate Protest  The Cut
</li><l…",https://www.nbcnews.com/news/asian-america/woman-asian-descent-assaulted-nyc-her-way-protest-anti-asian-n1261759,https://media2.s-nbcnews.com/j/newscms/2021_12/3458693/210322-nypd-crime-stoppers-asian-attack-ew-214p_d222a0c4f26e99da6a59f2deccbd55c3.nbcnews-fp-1200-630.jpg,2021-03-22T19:50:00Z,"A woman of Asian descent was violently assaulted in New York City on Sunday while she was traveling to a protest against anti-Asian violence in what police are calling a hate crime.
The 37-year-old … [+1911 chars]",nbc-news,NBC News
Salvador Hernandez,A Man Who Allegedly Stabbed A 36-Year-Old Asian American Man Has Been Charged With Attempted Murder,"The suspect, 23-year-old Salman Muflihi, allegedly told a security guard he ""stabbed a guy"" after the violent attack, but has pleaded not guilty to the charges.View Entire Post ›",https://www.buzzfeednews.com/article/salvadorhernandez/asian-american-man-stabbing-nyc-chinatown-charges,"https://img.buzzfeed.com/buzzfeed-static/static/2021-02/27/23/enhanced/8e060f6d4bbc/original-2096-1614469993-2.jpg?crop=2509:1313;0,179",2021-02-28T00:07:33Z,"Prosecutors have charged a man accused of stabbing an Asian man in the back with second-degree attempted murder, but have filed no hate crime charges in what appeared to be a violent, unprovoked inci… [+2786 chars]",,BuzzFeed News
Aaron Katersky,New York AG sues ex-business owner for alleged racist acts against protesters,"New York Attorney General Tish James sued David Elmendorf, the former owner of Bumpy's Polar Freeze, over alleged racism during protests against his business.",https://abcnews.go.com/US/york-attorney-general-sues-business-owner-alleged-racist/story?id=76367583,https://s.abcnews.com/images/US/letita-james-file-rt-jef-210310_1615407168825_hpMain_16x9_992.jpg,2021-03-10T20:42:57Z,"With 101 different soft serve flavors, bumper boats and a 30-foot climbing wall, Bumpys Polar Freeze was something of a summertime institution for decades in Schenectady, New York.
More recently, th… [+3328 chars]",abc-news,ABC News
Nick Ellis,Marriott’s new CEO takes a stand against racism in first public comments,"One week into his new job as chief executive officer of Marriott International, Anthony “Tony” Capuano issued his first public comments in a statement entitled “Stop Asian Hate.” Mr. Capuano’s statement comes during a turbulent period for the United States, w…",http://thepointsguy.com/news/marriott-ceo-first-statement-against-racism/,https://thepointsguy.global.ssl.fastly.net/us/originals/2020/12/Marriott-in-Toronto.jpg,2021-03-02T17:00:13Z,"One week into his new job as chief executive officer of Marriott International, Anthony “Tony” Capuano issued his first public comments in a statement entitled “Stop Asian Hate.”
Mr. Capuano’s state… [+2309 chars]",,The Points Guy
editors,Hate crime charged in NYC Asian subway rider attack,"A Bronx man has been charged with a hate crime, Fox News has learned, in the alleged assault of a 68-year-old Asian subway rider in Lower Manhattan last week.",https://upstract.com/p/4n5dbvcn?ref=rss&rd=1,https://cdn.upstract.com/p/p9qet8SsMZUTKEKeW55o/4n5dbvcn/vqtjbmjpma_t.jpg,2021-03-22T22:21:04Z,,,Upstract.com
,Man arrested after Asian man stabbed in Chinatown - PIX11 News,"<ol><li>Man arrested after Asian man stabbed in Chinatown  PIX11 News
</li><li>Asian man stabbed in back in Chinatown, suspect charged with attempted murder as a hate crime  ABC News
</li><li>Attacks on Asian-Americans: A Climate of Lawlessness  City Journa…",https://www.youtube.com/watch?v=xwTa2y9OrZI,https://i.ytimg.com/vi/xwTa2y9OrZI/maxresdefault.jpg,2021-02-26T10:46:20Z,,,YouTube
Jen Chung,NYPD Investigating Beating Of Asian Man In Chinatown As A Hate Crime,"East Broadway subway station
 

The attacked took place on Tuesday night. [ more › ]",http://gothamist.com/news/nypd-investigating-beating-asian-man-chinatown-hate-crime,https://cms.prod.nypr.digital/images/317727/fill-1200x650/,2021-03-04T16:32:12Z,"A 56-year-old man was knocked unconscious outside a Manhattan subway station on Tuesday night, and the police are investigating the seemingly unprovoked attack as a hate crime.
The incident occurred… [+3092 chars]",,Gothamist
Jake Offenhartz,Woman Accused Of Anti-Asian Rant Identified As Daughter Of NY Senator Daniel Patrick Moynihan,"A woman seen in a viral Instagram video accused of harassing an Asian American couple
 

The daughter of the late New York Senator Daniel Patrick Moynihan has been accused of telling an Asian American couple to ""go back to China"" during a bigoted rant in Manh…",http://gothamist.com/news/woman-accused-anti-asian-rant-identified-daughter-ny-senator-daniel-patrick-moynihan,https://cms.prod.nypr.digital/images/318080/fill-1200x650/,2021-03-18T16:26:25Z,"The daughter of the late New York Senator Daniel Patrick Moynihan has been accused of telling an Asian American couple to ""go back to China"" during a bigoted rant in Manhattan last weekend.
Maura Mo… [+1692 chars]",,Gothamist
,Suspect 'didn't like the way' Chinatown stabbing victim looked at him - Eyewitness News ABC7NY,"<ol><li>Suspect 'didn't like the way' Chinatown stabbing victim looked at him  Eyewitness News ABC7NY
</li><li>Suspect charged with hate crime in stabbing attack against Asian man in New York City  CNN 
</li><li>Asian man stabbed in back in Chinatown, suspe…",https://www.youtube.com/watch?v=g_7HGHNF0ag,https://i.ytimg.com/vi/g_7HGHNF0ag/hqdefault.jpg,2021-02-27T01:03:36Z,,,YouTube
Isa Peralta,"Buddhist Temple Set on Fire, Vandalized in LA’s Little Tokyo",Priests and staff members are on edge after a Buddhist temple was vandalized in Los Angeles' Little Tokyo on Thursday evening.  What happened: A fire and...,https://news.yahoo.com/buddhist-temple-set-fire-vandalized-200831181.html,https://s.yimg.com/uu/api/res/1.2/_PUjkegQgYwnycJtFzJIuA--~B/aD00MjU7dz04MDA7YXBwaWQ9eXRhY2h5b24-/https://media.zenfs.com/en/nextshark_articles_509/6af6b884c37dd33f76ab7aac12c3658d,2021-03-01T20:08:31Z,"Huge Ma built TurboVax , a bot that finds available appointments, after discovering how complicated it was to book one for his mother Huge Ma, a 31-year-old software engineer from New York created Tu… [+6225 chars]",,Yahoo Entertainment
DAVID CRARY and LUIS ANDRES HENAO / AP,LGBTQ Catholics Are Stung by the Vatican’s Rebuff of Same-Sex Unions,"Marianne Duddy-Burke, the head of DignityUSA, said the Vatican's refusal to extend blessings to same-sex couples was ""just tragic.""",https://time.com/5947091/lgbtq-catholics-same-sex-union-marriage-vatican/,https://api.time.com/wp-content/uploads/2021/03/GettyImages-1228271472.jpg?quality=85&w=1024&h=628&crop=1,2021-03-16T02:51:11Z,"The Vatican’s declaration that same-sex unions are a sin the Roman Catholic Church cannot bless was no surprise for LGBTQ Catholics in the United States — yet it stung deeply nonetheless.
Marianne D… [+6149 chars]",time,Time
"Mark Sundstrom, Anthony DiLorenzo",Man arrested after Asian man critically injured in Chinatown stabbing: NYPD - WPIX 11 New York,"<ol><li>Man arrested after Asian man critically injured in Chinatown stabbing: NYPD  WPIX 11 New York
</li><li>Attacks on Asian-Americans: A Climate of Lawlessness  City Journal
</li><li>Man arrested after Asian man stabbed in Chinatown  PIX11 News
</li><l…",https://www.pix11.com/news/local-news/manhattan/man-stabbed-in-chinatown,https://ewscripps.brightspotcdn.com/dims4/default/16d62a0/2147483647/strip/true/crop/1920x1008+0+36/resize/1200x630!/quality/90/?url=http%3A%2F%2Fewscripps-brightspot.s3.amazonaws.com%2F3d%2F0f%2F19d37e9a4a4a8c0bed434abd361d%2Fman-arrested-chinatown-stabbing-feb-25-2021.jpg,2021-02-26T10:34:45Z,"CHINATOWN, Manhattan A Brooklyn man is facing multiple charges after admitting to stabbing an Asian man in Chinatown Thursday evening in an apparently unprovoked attack, according to the NYPD.
Autho… [+1777 chars]",,WPIX 11 New York
"Arun Venugopal, WNYC","Restorative Justice Advocates Say D.A.'s Treatment Of Amy Cooper ""Reeks Of Unfairness""","Amy Cooper with her dog in Central Park in May 2020
 

After she completed five sessions of therapy, the Manhattan DA dropped charges against Amy Cooper, a white woman who called the police on a Black man who was birding in Central Park. [ more › ]",http://gothamist.com/news/restorative-justice-advocates-say-ds-treatment-amy-cooper-reeks-unfairness,https://cms.prod.nypr.digital/images/305552/fill-1200x650/,2021-02-23T21:16:00Z,"Last week, the Manhattan District Attorneys office dropped its case against Amy Cooper, a white woman who called the police on a Black man who was birding in Central Park in May 2020.
In exchange, C… [+3408 chars]",,Gothamist
DAVID CRARY and LUIS ANDRES HENAO,LGBTQ Catholics stung by Vatican rebuff of same-sex unions,The Vatican’s declaration that same-sex unions are a sin the Roman Catholic Church cannot bless was no surprise for LGBTQ Catholics in the United States...,https://news.yahoo.com/lgbtq-catholics-stung-vatican-rebuff-183741859.html,https://s.yimg.com/ny/api/res/1.2/ltJMlIDzxrc32tenD06arw--/YXBwaWQ9aGlnaGxhbmRlcjt3PTIwMDA7aD0xMzMz/https://s.yimg.com/uu/api/res/1.2/5jp6rPz.Kp8IwGwhmLnqTw--~B/aD0yNTMzO3c9MzgwMDthcHBpZD15dGFjaHlvbg--/https://media.zenfs.com/en/ap.org/fe244ea73d0d63fe7f07ee7633064825,2021-03-15T18:37:41Z,"The Vaticans declaration that same-sex unions are a sin the Roman Catholic Church cannot bless was no surprise for LGBTQ Catholics in the United States yet it stung deeply nonetheless.
Marianne Dudd… [+5649 chars]",,Yahoo Entertainment
Tim Fitzsimons,Woman of Asian descent assaulted in NYC on her way to protest anti-Asian violence,"The woman's protest sign was destroyed and she was punched twice in the face as she walked through lower Manhattan, the New York City Police Department said.",https://news.yahoo.com/woman-asian-descent-assaulted-nyc-195000572.html,https://s.yimg.com/ny/api/res/1.2/g56TU3Y6fRnHaDwl8uKDxg--/YXBwaWQ9aGlnaGxhbmRlcjt3PTIwMDA7aD0xMDAw/https://s.yimg.com/uu/api/res/1.2/IUTeImk7rhXpIN82OlRI7A--~B/aD0xNDgxO3c9Mjk2MjthcHBpZD15dGFjaHlvbg--/https://media.zenfs.com/en/nbc_news_diverse_167/172619c756bf7cc2530223aa32ce7553,2021-03-22T19:50:00Z,"A woman of Asian descent was violently assaulted in New York City on Sunday while she was traveling to a protest against anti-Asian violence in what police are calling a hate crime.
The 37-year-old … [+1561 chars]",,Yahoo Entertainment
Carlos Garcia,"Cuomo accuser, a Democrat, blames her own party for 'hatred spewed' on Twitter against his alleged victims","One of the many accusers of sexual harassment against Democrat Gov. Andrew Cuomo of New York called out the Democratic party over a Twitter influencer who whad tried to undermine her credibility and was later revealed to be paid for his tweets.

Lindsey Boyla…",https://www.theblaze.com/news/lindsey-boylan-democrats-cuomo-women,https://assets.rebelmouse.io/eyJhbGciOiJIUzI1NiIsInR5cCI6IkpXVCJ9.eyJpbWFnZSI6Imh0dHBzOi8vYXNzZXRzLnJibC5tcy8yNTgxNjI4OS9vcmlnaW4uanBnIiwiZXhwaXJlc19hdCI6MTY2NzQ2MzY2MH0.omGCVizu8LdagB6EH6rd3d6wFHXoamffh493irxhpgQ/img.jpg?width=1200&coordinates=0%2C121%2C0%2C212&height=600,2021-03-12T04:30:00Z,One of the many accusers of sexual harassment against Democrat Gov. Andrew Cuomo of New York called out the Democratic party over a Twitter influencer who whad tried to undermine her credibility and … [+1967 chars],,TheBlaze
Rachel Ramirez,Angelo Quinto’s family says he died after police pinned him by his neck. Police deny they did anything wrong.,The 30-year-old Filipino Navy veteran was having a mental health crisis. Then the police arrived.,https://www.vox.com/2021/3/3/22311360/angelo-quinto-police-asian-violence,https://cdn.vox-cdn.com/thumbor/u-8dDhK4NCx7l6Wx-Hikrw9b3Cs=/0x215:3000x1786/fit-in/1200x630/cdn.vox-cdn.com/uploads/chorus_asset/file/22343629/GettyImages_1303219947.jpg,2021-03-03T23:20:00Z,"Protesters hold signs that read “hate is a virus” and “stop Asian hate” at the End the Violence Toward Asians rally in Washington Square Park on February 20, 2021, in New York City. | Dia Dipasupil/G… [+7045 chars]",,Vox
"Mark Joyella, Senior Contributor, 
 Mark Joyella, Senior Contributor
 https://www.forbes.com/sites/markjoyella/","OAN, Claiming ‘Harassment,’ Broadcasts Cell Phone Number Of New York Times Business Reporter","The network urged its viewers to ""stand up to intimidation from the left.""",https://www.forbes.com/sites/markjoyella/2021/03/18/oan-claiming-harassment-broadcasts-cell-phone-number-of-new-york-times-business-reporter/,https://thumbor.forbes.com/thumbor/fit-in/1200x0/filters%3Aformat%28jpg%29/https%3A%2F%2Fspecials-images.forbesimg.com%2Fimageserve%2F6053c40f610352cdd8391878%2F0x0.jpg,2021-03-18T21:34:50Z,"New York, United States of America - July 8, 2017. The New York Times building in the west side of ... [+] Midtown Manhattan. (Photo by: Avalon/Universal Images Group via Getty Images)
Universal Ima… [+812 chars]",,Forbes
ddefrancesco@businessinsider.com (Dan DeFrancesco),"Goldman alums launch trading venue - Wall Street splashes out on AI, cloud - Alt data for young hedge funds","The top finance stories for February 24, including the latest news on a new trading venue for big investors looking to trade blocks of stocks.",https://www.businessinsider.com/top-finance-stories-of-the-day-for-february-24-2021-2,https://i.insider.com/60342d06bed5c50011a2bf04?width=1200&format=jpeg,2021-02-24T11:35:00Z,"Insider logo
The word ""Insider"".
Close icon
Two crossed lines that form an 'X'. It indicates a way to close an interaction, or dismiss a notification.
HomeChevron icon
It indicates an expandable… [+2998 chars]",business-insider,Business Insider
RT,Asian-American woman attacked in possible hate crime while ON THE WAY TO A PROTEST against anti-Asian violence,An Asian-American woman in New York City was traveling to a protest against anti-Asian violence when she became the victim of such crime – a man allegedly assaulted her on the street for no apparent reason other than her race. Read Full Article at RT.com,https://www.rt.com/usa/518858-ny-asian-hate-crime/,https://cdni.rt.com/files/2021.03/article/6059253520302776933213bb.png,2021-03-22T23:25:01Z,"The 37-year-old woman was walking in lower Manhattan near midday on Sunday, on her way to a Columbus Park rally against anti-Asian hate crimes, when a man took her sign and tried to put it in a garba… [+2343 chars]",rt,RT
Amanda Woods,"Suspect in stabbing of Asian man tells cops, ‘I don’t like the way he looked at me’","The suspect who allegedly stabbed an Asian man in Lower Manhattan Thursday night said he did it because he didn’t like the way the victim looked at him, according to police.  Salman Muflihi, 23, of Bensonhurst, showed up at the Manhattan District Attorney’s O…",https://nypost.com/2021/02/26/suspect-in-nyc-stabbing-of-asian-man-surrenders-to-police/,https://nypost.com/wp-content/uploads/sites/2/2021/02/worth-street-stabbing-34.jpg?quality=90&strip=all&w=1200,2021-02-26T19:07:19Z,"The suspect who allegedly stabbed an Asian man in Lower Manhattan Thursday night said he did it because he didn’t like the way the victim looked at him, according to police. 
Salman Muflihi, 23, of … [+1466 chars]",,New York Post
Dory Jackson,Aaron Dominguez Reacts to Trolls Who Says Selena Gome ‘Deserves Better’,"Not having it! Aaron Dominguez, who is currently shooting Hulu’s Only Murders in the Building alongside Selena Gomez, responded to messages from haters who slammed his association with the pop star. The Like a Boss actor shared an Instagram Story post that fe…",https://www.usmagazine.com/celebrity-news/news/selena-gomezs-costar-aaron-dominguez-told-to-stay-away-by-troll/#article,https://i1.wp.com/www.usmagazine.com/wp-content/uploads/2021/02/Troll-Says-Selena-Gomez-Deserves-Better-Than-Costar-Aaron-Dominguez-Promo.jpg?crop=121px%2C0px%2C1879px%2C986px&resize=1200%2C630&ssl=1&quality=86&strip=all,2021-02-26T23:28:31Z,"Not having it! Aaron Dominguez, who is currently shooting Hulus Only Murders in the Building alongside Selena Gomez, responded to messages from haters who slammed his association with the pop star.
… [+2655 chars]",,Us Weekly
"Larry Celona, Kenneth Garger",Asian woman assaulted in Midtown in possible hate crime,"An Asian woman was randomly assaulted in Manhattan on Sunday afternoon in a possible hate crime attack, police and sources said. The 41-year-old victim was grabbed from behind and thrown to the ground as she walked along West 31st Street near Sixth Avenue at …",https://nypost.com/2021/03/21/asian-woman-assaulted-in-midtown-in-possible-hate-crime/,https://nypost.com/wp-content/uploads/sites/2/2021/03/police-lights-5.jpg?quality=90&strip=all&w=1200,2021-03-22T00:48:05Z,"An Asian woman was randomly assaulted in Manhattan on Sunday afternoon in a possible hate crime attack, police and sources said.
The 41-year-old victim was grabbed from behind and thrown to the grou… [+661 chars]",,New York Post
Tim Fitzsimons,Woman of Asian descent assaulted in NYC on her way to protest anti-Asian violence,"The woman's protest sign was destroyed and she was punched twice in the face as she walked through lower Manhattan, the New York City Police Department said.",https://news.yahoo.com/woman-asian-descent-assaulted-nyc-195000908.html,https://s.yimg.com/ny/api/res/1.2/d5iXSy7thwJcjD9BA.Bahw--/YXBwaWQ9aGlnaGxhbmRlcjt3PTIwMDA7aD0xMDAw/https://s.yimg.com/uu/api/res/1.2/0yvQcb_GbohKczpPnMNAlw--~B/aD0xNDgxO3c9Mjk2MjthcHBpZD15dGFjaHlvbg--/https://media.zenfs.com/en/nbc_news_122/172619c756bf7cc2530223aa32ce7553,2021-03-22T19:50:00Z,"A woman of Asian descent was violently assaulted in New York City on Sunday while she was traveling to a protest against anti-Asian violence in what police are calling a hate crime.
The 37-year-old … [+1911 chars]",,Yahoo Entertainment
"Eileen AJ Connelly, Dean Balsamini",No hate crime charges lodged against man accused in Lower Manhattan stabbing,Expected hate crime charges were not lodged against the 23-year-old Bensonhurst man accused of randomly attacking an Asian stranger who was walking down a Lower Manhattan street Thursday evening. But while prosecutors have determined that racial bias can’t be…,https://nypost.com/2021/02/27/no-hate-crime-charges-for-man-accused-in-nyc-chinatown-stabbing/,https://nypost.com/wp-content/uploads/sites/2/2021/02/Screen-Shot-2021-02-27-at-7.09.07-PM-e1614472259227.png?w=1200,2021-02-28T00:36:24Z,"Expected hate crime charges were not lodged against the 23-year-old Bensonhurst man accused of randomly attacking an Asian stranger who was walking down a Lower Manhattan street Thursday evening.
Bu… [+2164 chars]",,New York Post
"Sam Raskin, Melissa Klein",Hundreds rally in NYC to protest attacks on Asian Americans,"Hundreds of people rallied in Lower Manhattan Saturday to protest increasing violence against Asian Americans. The rally in Foley Square was near the site of Thursday’s attack on a 36-year-old Asian man, who was stabbed in the stomach. Police arrested Salman …",https://nypost.com/2021/02/27/hundreds-rally-in-nyc-to-protest-attacks-on-asian-americans/,https://nypost.com/wp-content/uploads/sites/2/2021/02/anti-asian-hate-rally-1.jpg?quality=90&strip=all&w=1200,2021-02-27T22:40:11Z,"Hundreds of people rallied in Lower Manhattan Saturday to protest increasing violence against Asian Americans.
The rally in Foley Square was near the site of Thursday’s attack on a 36-year-old Asian… [+2017 chars]",,New York Post
Tina Moore,"Man hurls anti-Asian slurs at woman walking dog in Manhattan, cops say","A man spewed anti-Asian slurs at a woman who was walking her dog in lower Manhattan, and then spat at her, cops said. The 33-year-old victim was walking her pooch around 8 p.m. Wednesday at 12 Spring Street a few blocks from Chinatown when the stranger called…",https://nypost.com/2021/03/18/man-hurls-anti-asian-slurs-at-woman-walking-dog-in-nyc-cops/,https://nypost.com/wp-content/uploads/sites/2/2021/03/nypd-getty-2.jpg?quality=90&strip=all&w=1200,2021-03-18T16:52:36Z,"A man spewed anti-Asian slurs at a woman who was walking her dog in lower Manhattan, and then spat at her, cops said.
The 33-year-old victim was walking her pooch around 8 p.m. Wednesday at 12 Sprin… [+650 chars]",,New York Post
Tina Moore,"Brute randomly attacks delivery man with pipe, shouts racial slur: cops","A brute randomly attacked a food-delivery man in the head with a pipe in Manhattan on Saturday night while snarling, “F—k you, Mexican!” according to cops. The assault — which is being investigated as a hate crime — occurred around 8:30 p.m. in front of 176 B…",https://nypost.com/2021/03/07/brute-randomly-attacks-delivery-man-with-pipe-yells-racial-slur/,https://nypost.com/wp-content/uploads/sites/2/2021/03/176-broadway.jpg?quality=90&strip=all&w=1200,2021-03-07T21:38:04Z,"A brute randomly attacked a food-delivery man in the head with a pipe in Manhattan on Saturday night while snarling, Fk you, Mexican! according to cops.
The assault — which is being investigated as … [+478 chars]",,New York Post
Mark Elibert,CJ Says ‘No Response’ To Industry Plant Disses As French Montana Hypes Rowdy Rebel-Powered ‘Whoopty (Remix)’,CJ linked up with French Montana last December making everyone think he signed with the Bronx rapper's Coke Boys label.,https://hiphopdx.com/news/id.60778/title.cj-says-no-response-to-industry-plant-disses-as-french-montana-hypes-rowdy-rebel-powered-whoopty-remix,https://static.hiphopdx.com/2020/12/20201206-CJ-1-900x506.jpg,2021-02-24T20:06:50Z,Staten Island rapper CJ has seen a lot of breakout success after his single “WHOOPTY” went viral last summer. The song put a whole new light on the 24-year-old rapper and continues to be a force on t… [+1886 chars],,HipHopDX
"10Best.com, 10Best.com",Popular clam chowders and why New England's is the best,New England clam chowder isn't the only game in town when it comes to clam chowders – but it is the best.,https://www.10best.com/interests/food-travel/new-england-clam-chowder-chowdah-manhattan-rhode-island-hatteras-minorcan/,https://img2.10bestmedia.com/Images/Photos/359296/gettyimages-538015607-1_54_990x660.jpg,2021-02-24T16:45:11Z,"I grew up in New England, which means that from the time I was young, I had a certain fondness for clam chowder. I can recall, from my earliest memories, the anticipation that came with seeing a pot … [+4522 chars]",,USA Today 10Best
Kenneth Garger,Homeless man charged with hate crime in NYC anti-Asian attack,"A homeless man accused of attacking an Asian woman on her way to a protest against anti-Asian violence in Manhattan over the weekend was arrested on hate crime charges on Monday, police said. Erick Deoliveira, 27, allegedly punched the 37-year-old victim twic…",https://nypost.com/2021/03/22/homeless-man-charged-with-hate-crime-in-nyc-anti-asian-attack/,https://nypost.com/wp-content/uploads/sites/2/2021/03/arrested-and-charged-with-a-hate-crime-792.jpg?quality=90&strip=all&w=1200,2021-03-23T01:36:42Z,"A homeless man accused of attacking an Asian woman on her way to a protest against anti-Asian violence in Manhattan over the weekend was arrested on hate crime charges on Monday, police said.
Erick … [+754 chars]",,New York Post
Priscilla DeGregory,Prosecutors probing subway attack on Asian man as possible hate crime,"Manhattan prosecutors are investigating whether an attack on a 68-year-old Sri Lankan immigrant riding the subway last week was a hate crime, they said in court Monday. The revelation came as Marc Mathieu, 36, appeared during a video arraignment on an assault…",https://nypost.com/2021/03/22/prosecutors-probing-attack-on-asian-man-as-possible-hate-crime/,https://nypost.com/wp-content/uploads/sites/2/2021/03/subway-attack.jpg?quality=90&strip=all&w=1200,2021-03-22T20:22:28Z,"Manhattan prosecutors are investigating whether an attack on a 68-year-old Sri Lankan immigrant riding the subway last week was a hate crime, they said in court Monday.
The revelation came as Marc M… [+1587 chars]",,New York Post
Amanda Woods,Woman attacked while on way to anti-Asian violence rally in Manhattan,"A woman on her way to an anti-Asian violence protest over the weekend was punched twice in the face by a brute in NoHo, police said Monday. The 37-year-old victim was on Astor Place near Fourth Avenue on her way to the demonstration around 11:30 a.m. Sunday w…",https://nypost.com/2021/03/22/woman-attacked-on-way-to-anti-asian-violence-rally-in-nyc/,https://nypost.com/wp-content/uploads/sites/2/2021/03/hate-crime.jpg?quality=90&strip=all&w=1200,2021-03-22T12:15:17Z,"A woman on her way to an anti-Asian violence protest over the weekend was punched twice in the face by a brute in NoHo, police said Monday.
The 37-year-old victim was on Astor Place near Fourth Aven… [+1096 chars]",,New York Post
Ryan General,"Man Pours Unknown Liquid on Asian Woman in NYC, Tells Her ‘Go Back to China’","A 41-year-old Asian woman was picking up some packages in Midtown, Manhattan on Monday evening when she was suddenly attacked by a younger man.  The suspect ...",https://news.yahoo.com/man-pours-unknown-liquid-asian-152806062.html,https://s.yimg.com/uu/api/res/1.2/JYiGnm6z9Q.SnZ_5_rDzUw--~B/aD00MjU7dz04MDA7YXBwaWQ9eXRhY2h5b24-/https://media.zenfs.com/en/nextshark_articles_509/b03b88c4237a08d9b4a02d69b2d45518,2021-03-18T15:28:06Z,"When Alex Wan moved to Atlanta in 1971, he was the only student of Asian descent in his class. His grandmother grew Chinese cabbage and melons in their garden because there was nowhere close to buy t… [+8353 chars]",,Yahoo Entertainment
Tim Fitzsimons,Woman of Asian descent assaulted in NYC on her way to protest anti-Asian violence,"The woman's protest sign was destroyed and she was punched twice in the face as she walked through lower Manhattan, the New York City Police Department said.",https://www.nbcnews.com/news/us-news/woman-asian-descent-assaulted-nyc-her-way-protest-anti-asian-n1261759,https://media2.s-nbcnews.com/j/newscms/2021_12/3458693/210322-nypd-crime-stoppers-asian-attack-ew-214p_d222a0c4f26e99da6a59f2deccbd55c3.nbcnews-fp-1200-630.jpg,2021-03-22T19:50:54Z,"A woman of Asian descent was violently assaulted in New York City on Sunday while she was traveling to a protest against anti-Asian violence in what police are calling a hate crime.
The 37-year-old … [+1911 chars]",nbc-news,NBC News
ProTrumpNews Staff,De Blasio Chased Away From Anti-Asian Crime Vigil,New York City Mayor Bill De Blasio (D-NY) was chased away from an anti-Asian crime vigil he was speaking at. Some of those in attendance started out by heckling him while he was speaking. From Bizpacreview:  New York Mayor Bill de Blasio’s attempt to particip…,https://www.thegatewaypundit.com/2021/03/de-blasio-chased-away-anti-asian-crime-vigil/,https://www.thegatewaypundit.com/wp-content/uploads/2021-03-20-2.jpg,2021-03-20T15:30:09Z,"New York City Mayor Bill De Blasio (D-NY) was chased away from an anti-Asian crime vigil he was speaking at.
Some of those in attendance started out by heckling him while he was speaking.
From Bizp… [+1795 chars]",,Thegatewaypundit.com
suman,"Cuomo accuser, a Democrat, blames her own party for 'hatred spewed' on Twitter against his alleged victims","Lindsey Boylan, herself a Democrat, called out the Democratic Party for using women while pretending to defend them.",http://www.tathasta.com/2021/03/cuomo-accuser-democrat-blames-her-own_12.html,https://lh5.googleusercontent.com/proxy/bObPvECYJDy3hlyMyeszSfzoK3FhGUHUncl_UdTI5elkMxMyXr4GAEllH1cvWmtkJhxuWTE98xdpItlyMmDPE320y3c=w1200-h630-n-k-no-nu,2021-03-12T16:33:22Z,"Lindsey Boylan, herself a Democrat, called out the Democratic Party for using women while pretending to defend them.
Boylan referred specifically to Majid Padellan, a Twitter influencer paid by a pr… [+1455 chars]",,Tathasta.com
suman,"Cuomo accuser, a Democrat, blames her own party for 'hatred spewed' on Twitter against his alleged victims",One of the many accusers of sexual harassment against Democrat Gov. Andrew Cuomo of New York called out the Democratic party over a Twitter influencer who whad tried to undermine her credibility and was later revealed to be paid for his tweets.,http://www.tathasta.com/2021/03/cuomo-accuser-democrat-blames-her-own.html,,2021-03-12T11:04:21Z,One of the many accusers of sexual harassment against Democrat Gov. Andrew Cuomo of New York called out the Democratic party over a Twitter influencer who whad tried to undermine her credibility and … [+1647 chars],,Tathasta.com
Larry Celona,Suspect charged with attacking man on NYC subway,"A suspect was hit with an assault charge Sunday for attacking a 68-year-old Sri Lankan immigrant aboard a Manhattan train last week, police said. Marc Mathieu, 36, allegedly attacked Narayange Bodhi with a barrage of punches last Friday aboard a No. 1 train a…",https://nypost.com/2021/03/21/suspect-charged-with-attacking-man-on-nyc-subway/,https://nypost.com/wp-content/uploads/sites/2/2021/03/Marc-Mathieu.jpg?quality=90&strip=all&w=1200,2021-03-22T01:49:39Z,"A suspect was hit with an assault charge Sunday for attacking a 68-year-old Sri Lankan immigrant aboard a Manhattan train last week, police said.
Marc Mathieu, 36, allegedly attacked Narayange Bodhi… [+756 chars]",,New York Post
Danny Milton,Introducing: The Hamilton Intra-Matic Chronograph H (Live Pics & Pricing),A '60s-inspired chrono with a mechanical movement to boot.,https://www.hodinkee.com/articles/hamilton-intra-matic-chronograph-h-live-pics-and-pricing-introducing,https://hodinkee.imgix.net/uploads/images/255112b0-c542-4618-abe2-341270735481/DSC00666-Edit-Edit.jpg?ixlib=rails-1.1.0&fm=jpg&q=55&auto=format&usm=12&w=1000,2021-03-08T15:57:00Z,"Hamilton, already known as the watch of Hollywood, has more recently become synonymous with high-value, manual-wind, vintage-inspired watches. There's, of course, the well-covered and much-loved Khak… [+4329 chars]",,HODINKEE
Ted  Rall. Sputnik International,In Praise of Bad Weather,There is joy in the air. That joy is misplaced. For that joy might kill us.,https://sputniknews.com/columnists/202103091082295331-in-praise-of-bad-weather/,https://cdn1.img.sputniknews.com/images/102283/01/1022830132.jpg,2021-03-09T17:32:07Z,"There is joy in the air. That joy is misplaced. For that joy might kill us.I set down these words on the 9th of March in Manhattan. Historically, the average temperature on this day of the year is 40… [+4700 chars]",,Sputnik International
"Tina Moore, Amanda Woods","Asian man beaten in unprovoked Lower East Side attack outside subway, cops say","The 56-year-old victim was entering the F train station at East Broadway and Rutgers Street around 8:50 p.m. Tuesday when a man suddenly hit him in the face, without saying a word, cops said.",https://nypost.com/2021/03/03/asian-man-beaten-in-unprovoked-nyc-subway-attack-cops-say/,https://nypost.com/wp-content/uploads/sites/2/2021/03/east-broadway-f-train.jpg?quality=90&strip=all&w=1200,2021-03-03T17:52:19Z,"A thug beat up an Asian man in an unprovoked attack just outside a Lower East Side subway station this week, according to police.
The 56-year-old victim was entering the F train station at East Broa… [+972 chars]",,New York Post
Andrew G. Simpson,"Internet Law Protects Video Platform From Church’s Bias Claim, Court Rules","Vimeo Inc. is immune to a lawsuit by a church whose account it deleted for promoting gay conversion, the federal appeals court in New York ruled, amid a battle over online speech. Church United and its president and founder, James …",https://www.insurancejournal.com/news/national/2021/03/15/605374.htm,https://www.insurancejournal.com/app/uploads/2021/03/vimeo-on-iphone-scaled.jpg,2021-03-15T05:00:15Z,"Vimeo Inc. is immune to a lawsuit by a church whose account it deleted for promoting gay conversion, the federal appeals court in New York ruled, amid a battle over online speech.
Church United and … [+2331 chars]",,Insurance Journal
mayaleo,A Man Who Allegedly Stabbed A 36-Year-Old Asian American Man Has Been Charged With Attempted Murder,Daily Dose Of Entertaiment,http://www.domigood.com/2021/03/a-man-who-allegedly-stabbed-36-year-old.html,,2021-03-01T13:31:42Z,"Prosecutors have charged a man accused of stabbing an Asian man in the back with second-degree attempted murder but have filed no hate crime charges in what appeared to be a violent, unprovoked incid… [+2808 chars]",,Domigood.com
Miranda Bryant in New York,‘There’s so much gratitude’: engineer who created viral vaccine site for $50,"Huge Ma built TurboVax , a bot that finds available appointments, after discovering how complicated it was to book one for his mother Huge Ma, a 31-year-old ...",https://news.yahoo.com/much-gratitude-engineer-created-viral-080017827.html,https://s.yimg.com/uu/api/res/1.2/pZMU6S7V2ahCfiRJ0LjXjA--~B/aD0zMDA7dz01MDA7YXBwaWQ9eXRhY2h5b24-/https://media.zenfs.com/en/the_guardian_765/766cbfc5aa0b78386c29fddaefe89a73,2021-03-01T08:00:17Z,"Huge Ma first came up with the idea for his much-needed vaccination appointment-finding bot after discovering how complicated it was to book one for his mother.
You had to basically open three tabs,… [+5531 chars]",,Yahoo Entertainment
"Santi Ruiz, Santi Ruiz","State Legislatures Push to Fight Big Tech, but Experts Warn of Limitations","State legislatures in Florida, Arizona, and Minnesota are moving to curb the power of social media platforms to kick off users or remove content.
The post State Legislatures Push to Fight Big Tech, but Experts Warn of Limitations appeared first on Washington …",https://freebeacon.com/politics/state-legislatures-push-to-fight-big-tech-but-experts-warn-of-limitations/,https://freebeacon.com/wp-content/uploads/2021/02/pjimage.jpg,2021-02-23T19:10:04Z,"State legislatures in Florida, Arizona, and Minnesota are moving to curb the power of social media platforms to kick off users or remove content.
The Minnesota Senate bill was introduced this week a… [+3672 chars]",,Washington Free Beacon
"Christian Spencer, Ben Brachfeld",NYPD increases patrol in Asian communities in wake of Atlanta massacre,"The NYPD boosted patrol in Asian-American communities in the Big Apple on Wednesday — one day after six Asian women were gunned down in Atlanta, Georgia. In Chinatown, five officers with the NYPD’s Hate Crime Task Force were canvassing the streets and handing…",https://nypost.com/2021/03/17/nypd-increases-asian-community-patrols-after-atlanta-massacre/,https://nypost.com/wp-content/uploads/sites/2/2021/03/nypd-monitor-79.jpg?quality=90&strip=all&w=1200,2021-03-17T19:13:24Z,"The NYPD boosted patrol in Asian American communities in the Big Apple on Wednesday — one day after six Asian women were gunned down in Atlanta, Georgia.
In Chinatown, five officers with the NYPD’s … [+2664 chars]",,New York Post
"<![CDATA[John Sexton]]>, tips@hotair.com (Hot Air Network, LLC), Hot Air Network, LLC","After shocking attacks on elderly Asians, activists hold a rally against 'white supremacy' (there's just one problem)","<![CDATA[Earlier this month I wrote about a brutal attack in San Francisco that really shocked people around the country. An 84-year-old man named Vicha Ratanapakdee, an immigrant from Thailand who was nearly blind, was knocked to the ground by a 19-year-old …",https://hotair.com/archives/john-s-2/2021/02/22/shocking-attacks-elderly-asians-left-holds-rally-white-supremacy/,https://hotair.com/wp/wp-content/uploads/2021/02/attack.jpg,2021-02-22T15:00:44Z,"Earlier this month I wrote about a brutal attack in San Francisco that really shocked people around the country. An 84-year-old man named Vicha Ratanapakdee, an immigrant from Thailand who was nearly… [+6137 chars]",,Hot Air
carolinalily,"The View: Ron Kim, Jamie Raskin, Hot Topics","Panel is Whoopi (Monday), Joy, Sunny, Sara, Ana (Friday), and MeghanGodddd, fvcking Me-again todayhttps://www.youtube.com/watch?v=pdxMkZvGJ7YMore behind the cut Hot Topic Tragic 500K Covid Death Milestonehttps://www.youtube.com/watch?v=flY8i6X0yAcAmerica surp…",https://ohnotheydidnt.livejournal.com/120146379.html,https://l-files.livejournal.net/og_image/3616053/469321?v=1614046870,2021-02-23T02:21:07Z,"Panel is Whoopi (Monday), Joy, Sunny, Sara, Ana (Friday), and MeghanGodddd, fvcking Me-again today
https://www.youtube.com/watch?v=pdxMkZvGJ7Y
More behind the cut 
Hot Topic Tragic 500K Covid Deat… [+5462 chars]",,Livejournal.com
Nick Paumgarten,Andi Schmied’s Billionaire-Espionage Art Project,"The Hungarian artist, undercover as an oligarch, infiltrated Manhattan’s ultra-luxury high-rises with her fake husband, Zoltan, for a book of intentionally unartful photos, Nick Paumgarten writes.",https://www.newyorker.com/magazine/2021/03/08/andi-schmieds-billionaire-espionage-art-project,"https://media.newyorker.com/photos/6039c4186eff8772bb5ff22b/16:9/w_1280,c_limit/Talk-Paumgarten-LuxuryApartments-Social.jpg",2021-02-27T15:00:00Z,"Four years ago, during a three-month artists residency in Brooklyn, Andi Schmied, a photographer from Budapest, visited the Empire State Building and was surprised to see so many taller skyscrapers. … [+4983 chars]",,The New Yorker
David Crary,LGBTQ Catholics stung by Vatican rebuff of same-sex unions - Associated Press,"<ol><li>LGBTQ Catholics stung by Vatican rebuff of same-sex unions  Associated Press
</li><li>Vatican says it will not bless same-sex unions, calling them a 'sin'  CNN
</li><li>Vatican bars gay union blessing, says God 'can't bless sin'  Yahoo News
</li><l…",https://apnews.com/article/lgbtq-catholics-vatican-rebuff-same-sex-unions-d51a65e2880c4daf7ef58a199e2fd47f,https://storage.googleapis.com/afs-prod/media/015e268fc04a42f2a1a577e35bb86259/3000.jpeg,2021-03-15T20:05:44Z,"The Vaticans declaration that same-sex unions are a sin the Roman Catholic Church cannot bless was no surprise for LGBTQ Catholics in the United States yet it stung deeply nonetheless. 
Marianne Dud… [+5653 chars]",associated-press,Associated Press
,Poisoned Ivies Threaten American Freedoms,"Americans have for generations lauded our Ivy League universities and granted their graduates top leadership positions in our government, almost by default. Eight of the nine current Supreme Court justices are Ivy League graduates...",https://www.americanthinker.com/articles/2021/02/poisoned_ivies_threaten_american_freedoms.html,https://www.americanthinker.com/images/bucket/2021-02/227517.png,2021-02-23T06:00:00Z,"Americans have for generations lauded our Ivy League universities and granted their graduates top leadership positions in our government, almost by default. Eight of the nine current Supreme Court ju… [+10592 chars]",,Americanthinker.com
ABC News via MSN,"Asian man stabbed in back, suspect charged with attempted murder(Not a Hate Crime)","A 23-year-old man has been charged with second-degree attempted murder after allegedly stabbing a stranger in the back in New York City's Chinatown ""for no reason,"" prosecutors said. Salman Muflihi, of Brooklyn, allegedly pulled an 8-inch knife on the 36-year…",https://freerepublic.com/focus/f-news/3938484/posts,,2021-03-01T01:27:24Z,"Skip to comments.
Asian man stabbed in back, suspect charged with attempted murder(Not a Hate Crime)ABC News via MSN ^
 | 02/28/2021
 | staff
Posted on 02/28/2021 5:27:24 PM PST by Kid Shelleen
… [+1452 chars]",,Freerepublic.com
Rabbi Avraham Gordimer,The Supreme Court Conversion Ruling is something no Orthodox Rabbi can support,Throwing sacred and weighty standards out the window in pursuit of comfort and inclusiveness does not work when it comes to Torah. Opinion.,https://www.israelnationalnews.com/News/News.aspx/298107,https://u.a7.org/pictures/1004/1004926.jpg,2021-03-08T14:30:00Z,The recent Israeli Supreme Court ruling affirming citizenship under the Law of Return for those who undergo domestic non-halackhic conversions was roundly condemned by many preeminent Orthodox organi… [+5667 chars],,Israelnationalnews.com
,Screw Algebra,"GSTAAD—That’s all we needed in a great year, for The Great Gatsby’s copyright to expire. Some Fitzgerald wannabe has already cashed in with a prequel, and I’m certain the worst is yet to come. I suppose the insatiable hunger for fame and celebrity in order to…",https://www.takimag.com/article/screw-algebra/print,https://www.takimag.com/wp-content/uploads/81058613_132266965408.jpg,2021-03-06T08:13:32Z,"Hans-Joachim Marseille
GSTAADThats all we needed in a great year, for The Great Gatsbys copyright to expire. Some Fitzgerald wannabe has already cashed in with a prequel, and Im certain the worst is… [+4961 chars]",,Takimag.com
New York Post,Lady Gaga’s dad Joe Germanotta says family is ‘sick’ over dognapping,"Lady Gaga’s father told The Post Thursday the family is devastated over the dognapping of the star’s two beloved French Bulldogs, who were stolen at gunpoint in Los Angeles late Wednesday. “We’re just sick over it, it’s really horrible,” Joe Germanotta, a Man…",https://freerepublic.com/focus/f-chat/3937666/posts,,2021-02-25T18:13:05Z,"Skip to comments.
Lady Gagas dad Joe Germanotta says family is sick over dognappingNew York Post ^
 | Februa
 | Gabrielle Fonrouge
Posted on 02/25/2021 10:13:05 AM PST by nickcarraway
Lady Gagas… [+2414 chars]",,Freerepublic.com
ResearchBuzz,"Qur’an Manuscripts, China Speech Crimes, Google Live Caption, More: Friday Afternoon ResearchBuzz, February 26, 2021","NEW RESOURCES British Library: Qur’an manuscripts from Southeast Asia digitised by the Endangered Archives Programme. “I have recently been writing on the British Library’s collection of eight Qur’an manuscripts from Southeast Asia, […]",https://researchbuzz.me/2021/02/26/quran-manuscripts-china-speech-crimes-google-live-caption-more-friday-afternoon-researchbuzz-february-26-2021/,https://s0.wp.com/i/blank.jpg,2021-02-26T19:08:31Z,"NEW RESOURCES 
British Library: Quran manuscripts from Southeast Asia digitised by the Endangered Archives Programme. “I have recently been writing on the British Librarys collection of eight Quran … [+4925 chars]",,Researchbuzz.me
https://nypost.com,"NYC school encourages kids to stop using words like ‘mom,’ ‘dad’ in ‘inclusive language’ guide","A Manhattan private school aiming to use more “inclusive language” is encouraging its students to stop using the terms “mom,” “dad” and “parents” because the words make “assumptions” about kids’ home lives.",https://freerepublic.com/focus/f-news/3941401/posts,,2021-03-11T17:18:28Z,"Skip to comments.
NYC school encourages kids to stop using words like mom, dad in inclusive language guidehttps://nypost.com ^
 | March 10 2021
 | Elizabeth Elizizalde
Posted on 03/11/2021 9:18:2… [+2375 chars]",,Freerepublic.com
UK Daily Mail,Supreme Court says Manhattan prosecutors CAN get Donald Trump's tax returns to aid fraud and Stormy Daniels probe in massive blow to ex-president,"The U.S. Supreme Court on Monday paved the way for a New York City prosecutor to obtain former President Donald Trump's tax returns and other financial records as part of a criminal investigation, a blow to his quest to conceal details of his finances. The ju…",https://freerepublic.com/focus/f-news/3936764/posts,,2021-02-22T15:18:19Z,"Skip to comments.
Supreme Court says Manhattan prosecutors CAN get Donald Trump's tax returns to aid fraud and Stormy Daniels probe in massive blow to ex-presidentUK Daily Mail ^
 | February 22 202… [+2944 chars]",,Freerepublic.com
UK Daily Mail,"hug, 36, is charged with punching 68-year-old Sri Lankan immigrant in face while yelling 'you motherf******Asian' on NYC subway","A 68-year-old man Asian man has been violently assaulted on the New York City subway by an assailant shouting racial insults, in the latest shocking incident of anti-Asian hate. Narayange Bodhi, originally from Sri Lanka, was commuting to his job as a securit…",https://freerepublic.com/focus/f-news/3944185/posts,,2021-03-22T12:43:40Z,"Skip to comments.
hug, 36, is charged with punching 68-year-old Sri Lankan immigrant in face while yelling 'you motherf******Asian' on NYC subwayUK Daily Mail ^
 | March 22, 2021
 | Keith Griffith… [+2642 chars]",,Freerepublic.com
ddefrancesco@businessinsider.com (Dan DeFrancesco),"Goldman alums launch trading venue - Wall Street splashes out on AI, cloud - Alt data for young hedge funds","The top finance stories for February 24, including the latest news on a new trading venue for big investors looking to trade blocks of stocks.",https://www.businessinsider.com/top-finance-stories-of-the-day-for-february-24-2021-2,https://i.insider.com/60342d06bed5c50011a2bf04?width=1200&format=jpeg,2021-02-24T11:35:00Z,"Insider logo
The word ""Insider"".
Close icon
Two crossed lines that form an 'X'. It indicates a way to close an interaction, or dismiss a notification.
HomeChevron icon
It indicates an expandable… [+2998 chars]",business-insider,Business Insider
"ddefrancesco@businessinsider.com (Dan DeFrancesco,Jordan Parker Erb)",Wall Street's top recruiting trends - Inside Iconiq Capital - M&A targets in asset management,"The top finance stories for March 15, including the latest news on the biggest trends in recruiting on Wall Street.",https://www.businessinsider.com/top-finance-stories-of-the-day-for-march-15-2021-3,https://i.insider.com/6042bc932db4af00117e3e8c?width=1200&format=jpeg,2021-03-15T09:50:00Z,"Good morning and welcome to Insider Finance. I'm Dan DeFrancesco, and here's what's on the agenda today:
We are also looking for nominations for upcoming list of top equity research analysts under 3… [+2271 chars]",business-insider,Business Insider
The Associated Press,LGBTQ Catholics stung by Vatican rebuff of same-sex unions,The Vatican’s declaration that same-sex unions are a sin the Roman Catholic Church cannot bless was no surprise for LGBTQ Catholics in the United States — yet it stung deeply nonetheless.,https://www.nbcnews.com/feature/nbc-out/lgbtq-catholics-stung-vatican-rebuff-same-sex-unions-n1261211,https://media4.s-nbcnews.com/j/newscms/2021_11/3457174/210316-pope-francis-vatican-jm-1102_6c02887547551b7810ca10f23710968b.nbcnews-fp-1200-630.jpg,2021-03-16T15:28:24Z,"The Vaticans declaration that same-sex unions are a sin the Roman Catholic Church cannot bless was no surprise for LGBTQ Catholics in the United States yet it stung deeply nonetheless.
Marianne Dudd… [+5763 chars]",nbc-news,NBC News
DAVID CRARY and LUIS ANDRES HENAO Associated Press,LGBTQ Catholics stung by Vatican rebuff of same-sex unions,Francis has endorsed providing legal protections for same-sex couples.,https://abcnews.go.com/US/wireStory/lgbtq-catholics-stung-vatican-rebuff-sex-unions-76472627,https://s.abcnews.com/images/US/WireAP_015e268fc04a42f2a1a577e35bb86259_16x9_992.jpg,2021-03-15T18:53:31Z,"The Vaticans declaration that same-sex unions are a sin the Roman Catholic Church cannot bless was no surprise for LGBTQ Catholics in the United States yet it stung deeply nonetheless.
Marianne Dudd… [+5639 chars]",abc-news,ABC News
ddefrancesco@businessinsider.com (Dan DeFrancesco),Walmart's mystery fintech - PR cashes in on SPAC craze - Goldman exodus,"The top finance stories for March 4, including the latest news on",https://www.businessinsider.com/top-finance-stories-of-the-day-for-march-4-2021-3,https://i.insider.com/60400d5ab46d720018b04bc9?width=1200&format=jpeg,2021-03-04T10:50:00Z,"Good morning and welcome to Insider Finance. I'm Dan DeFrancesco, and here's what's on the agenda today:
We are also looking for nominations for upcoming list of top equity research analysts under 3… [+2649 chars]",business-insider,Business Insider
David Crary And Luis Andres Henao - The Associated Press,LGBTQ Catholics stung by Vatican rebuff of same-sex unions,The Vatican’s declaration that same-sex unions are a sin the Roman Catholic Church cannot bless was no surprise for LGBTQ Catholics in the United Stat...,https://www.thestar.com/news/world/2021/03/15/lgbtq-catholics-stung-by-vatican-rebuff-of-same-sex-unions.html,https://images.thestar.com/4nSbohlOQFK05NIiAWNKtr0EspI=/1280x1024/smart/filters:cb(1615834712927)/https://www.thestar.com/content/dam/thestar/news/world/2021/03/15/lgbtq-catholics-stung-by-vatican-rebuff-of-same-sex-unions/AJM101-22_2021_181931.jpg,2021-03-15T18:38:21Z,"The Vaticans declaration that same-sex unions are a sin the Roman Catholic Church cannot bless was no surprise for LGBTQ Catholics in the United States yet it stung deeply nonetheless.
Marianne Dudd… [+5711 chars]",,Toronto Star
The Hill,House Democrats will roll out legislation that would revoke lifetime pension and other taxpayer-funded perks from former presidents who are convicted of felonies during or after office.,"Two key House Democrats will roll out legislation Thursday that would revoke a lifetime pension and other taxpayer-funded perks from former presidents who are convicted of felonies during or after office. Rep. Sean Patrick Maloney (D-N.Y.), who leads the Demo…",https://freerepublic.com/focus/f-news/3937450/posts,,2021-02-25T01:02:14Z,"Skip to comments.
House Democrats will roll out legislation that would revoke lifetime pension and other taxpayer-funded perks from former presidents who are convicted of felonies during or after of… [+4969 chars]",,Freerepublic.com
Frank Miles,Hate crime charged in NYC Asian subway rider attack,"A Bronx man has been charged with a hate crime, Fox News has learned, in the alleged assault of a 68-year-old Asian subway rider in Lower Manhattan last week.",https://www.foxnews.com/us/hate-crime-charged-in-nyc-asian-subway-rider-attack,https://static.foxnews.com/foxnews.com/content/uploads/2021/03/Marc-Mathieu.jpg,2021-03-22T22:21:04Z,"A Bronx man has been charged with a hate crime, Fox News has learned, in the alleged assault of a 68-year-old Asian subway rider in Lower Manhattan last week.
Marc Mathieu, 36, allegedly repeatedly … [+1098 chars]",fox-news,Fox News
Via AP news wire,LGBTQ Catholics stung by Vatican rebuff of same-sex unions,LGBTQ Catholics in the United States say they weren’t surprised by the Vatican’s pronouncement that same-sex unions are a sin and can’t be blessed by the church,https://www.independent.co.uk/news/lgbtq-catholics-stung-by-vatican-rebuff-of-samesex-unions-god-vatican-pope-francis-glaad-lgbtq-b1817569.html,https://static.independent.co.uk/2021/03/15/18/Vatican_Gay_Unions_18247.jpg?width=1200&auto=webp&quality=75,2021-03-15T18:37:42Z,"The Vaticans declaration that same-sex unions are a sin the Roman Catholic Church cannot bless was no surprise for LGBTQ Catholics in the United States yet it stung deeply nonetheless. 
Marianne Dud… [+5656 chars]",independent,Independent
Ronan Farrow,Cuomo’s First Accuser Raises New Claims of Harassment and Retaliation,Ronan Farrow on the former aide to New York Governor Andrew Cuomo whose allegations of sexual harassment have prompted an uproar about the culture of bullying in his administration.,https://www.newyorker.com/news/news-desk/cuomos-first-accuser-raises-new-claims-of-harassment-and-retaliation,"https://media.newyorker.com/photos/605243d9c21fd17a83dc1053/16:9/w_1280,c_limit/Farrow-LindseyBoylan.jpg",2021-03-19T01:59:51Z,"On the morning of December 13, 2020, Lindsey Boylan sat in the passenger seat of her familys car, with her husband at the wheel and her six-year-old daughter in the back. She began typing a series of… [+14541 chars]",,The New Yorker
DivGuy,Brookfield Stocks: Which Type of Shares Should You Hold?,"Brookfield stocks have reported robust performances for several years. Most of them trade on both the Canadian and U.S. markets and offer generous dividend payouts. However, understanding the differences between Brookfield Infrastructure, Renewable, Propertie…",https://www.thedividendguyblog.com/brookfield-stocks-which-type-of-shares-should-you-hold/,https://www.thedividendguyblog.com/wp-content/themes/leia-en/imagenes/2021/03/brookfield-stocks.png,2021-03-23T11:49:30Z,"Brookfield stocks have reported robust performances for several years. Most of them trade on both the Canadian and U.S. markets and offer generous dividend payouts.
However, understanding the differ… [+12329 chars]",,Thedividendguyblog.com
Zack Budryk,Former French President Sarkozy sentenced to prison,Former French President Nicolas Sarkozy on Monday was sentenced to three years in prison with two years suspended after a court found him guilty on corruption and influence-peddling charges.In a Monday afternoon ru...,https://thehill.com/policy/international/europe/540971-former-french-president-sarkozy-sentenced-to-prison,https://thehill.com/sites/default/files/article_images/sarkozynicolas11142016getty.jpg,2021-03-01T14:29:27Z,"Former French President Nicolas Sarkozy on Monday was sentenced to three years in prison with two years suspended after a court found him guilty on corruption and influence-peddling charges.
In a Mo… [+2554 chars]",the-hill,The Hill
Amy Furr,"Report: NYC Mayor Bill de Blasio Heckled During Vigil, Anti-Asian Hate Protest",Protesters heckled and reportedly surrounded New York City Mayor Bill de Blasio on Friday at a Union Square vigil held to protest anti-Asian racism and remember victims of the Georgia massage parlor shootings.,https://www.breitbart.com/crime/2021/03/20/report-nyc-mayor-bill-de-blasio-heckled-during-vigil-anti-asian-hate-protest/,https://media.breitbart.com/media/2021/03/DeBlasio-Chased-at-Asian-Protest-640x335.jpg,2021-03-20T22:20:27Z,Protesters heckled and reportedly surrounded New York City Mayor Bill de Blasio on Friday at a Union Square vigil held to protest anti-Asian racism and remember victims of the Georgia massage parlor … [+1998 chars],breitbart-news,Breitbart News
米欣刚,Hundreds in NYC rally against anti-Asian hate,Hundreds of people from various races rallied Saturday at Foley Square in New York City's Lower Manhattan in protest against violence and crimes targeting Asian Americans.,http://www.china.org.cn/world/2021-03/01/content_77258072.htm,,2021-03-01T05:00:00Z,"Hundreds of people attend the American Asian Federation's Anti-Asian Hate Rally held at Foley Square/Federal Plaza in the lower Manhattan section of New York City, Feb. 27, 2021.[Photo/VCG]
Hundreds… [+1878 chars]",,China.org.cn
Flopping Aces,dems are bothered more by sexual harassment of a few women than they are the killing of 1000's of elderly,"Andrew Cuomo completely mismanaged the COVID crisis. His ineptitude caused the deaths of thousands of elderly. He ordered nursing homes to accept COVID positive patients and sounded very crass “Older people, vulnerable people, are going to die from this virus…",https://freerepublic.com/focus/f-bloggers/3942450/posts,,2021-03-15T20:25:13Z,"Skip to comments.
dems are bothered more by sexual harassment of a few women than they are the killing of 1000's of elderlyFlopping Aces ^
 | 03-15-21
 | DrJohn
Posted on 03/15/2021 1:25:13 PM PD… [+4865 chars]",,Freerepublic.com
Alana Mastrangelo,Watch — Crowd Protests Outside NBC Studios over Israel Vaccine Joke: ‘Anti-Semitism Isn’t Funny’,"Chants of ""Shame on NBC"" and ""Antisemitism isn't funny"" rang out in front of NBC Studios in Manhattan on Saturday night, as protesters gathered in response to what organizers called an anti-Semitic joke made by Saturday Night Live cast member Michael Che made…",https://www.breitbart.com/entertainment/2021/02/28/watch-crowd-protests-outside-nbc-studios-over-israel-vaccine-joke-anti-semitism-isnt-funny/,https://media.breitbart.com/media/2021/02/MichaelChesaturdaynightlive1-640x335.jpg,2021-02-28T13:27:25Z,"Chants of “Shame on NBC” and “Antisemitism isn’t funny” rang out in front of NBC Studios in Manhattan on Saturday night, as protesters gathered in response to what organizers called an anti-Semitic j… [+2818 chars]",breitbart-news,Breitbart News
Elizabeth Keogh,Asian man punched in Manhattan in unprovoked hate crime,"The 66-year-old victim parked his car on Allen St. near E. Houston St. on the Lower East Side just before 9 a.m., and was checking signs to see if his parking spot was legal when he was attacked, police and sources said. That’s when the attacker, who police h…",https://www.nydailynews.com/new-york/nyc-crime/ny-asian-man-hate-crime-20210320-dbnvcyze2jaxnj2ayp3dhq4kxu-story.html,https://www.nydailynews.com/resizer/ycSIDgAUpS2U8K0yHx-oz1Qexdk=/1200x0/center/bottom/cloudfront-us-east-1.images.arcpublishing.com/tronc/CEPC5VCY5VCWRM7TUWV2BITKWA.JPG,2021-03-20T21:38:28Z,,,New York Daily News
Paul Schwartz,Longtime Giants staffer Jon Berger mulling next move after tech-induced split,"As a teenager growing up in Queens, Jon Berger used to craft hand-written notes and mail them to Wellington Mara, the owner of the Giants. Imagine Berger’s surprise when Mara wrote back. Every time. That correspondence triggered a 40-year association between …",https://nypost.com/2021/03/01/jon-berger-explains-his-split-from-the-giants/,https://nypost.com/wp-content/uploads/sites/2/2021/03/giant-logo-helmet-jon-berger-split.jpg?quality=90&strip=all&w=1200,2021-03-02T01:29:10Z,"As a teenager growing up in Queens, Jon Berger used to craft hand-written notes and mail them to Wellington Mara, the owner of the Giants. Imagine Bergers surprise when Mara wrote back. Every time.
… [+3833 chars]",,New York Post
Elizabeth Keogh,Man accused of stabbing Asian man in Manhattan will not face hate crime charges,"The charges filed against him Saturday were attempted murder, two counts of assault and criminal possession of a weapon. Salman Muflihi, 23, was arrested and charged with attempted murder as a hate crime and assault as a hate crime in the Thursday night stabb…",https://www.nydailynews.com/new-york/nyc-crime/ny-no-hate-crime-stabbing-manhattan-20210228-zgkvdmcxwfa2vedcnxxylquhw4-story.html,https://www.nydailynews.com/resizer/UqV4NiuOj45u-xdto-hw81ZXQXs=/1200x0/left/middle/cloudfront-us-east-1.images.arcpublishing.com/tronc/AY6DOJYTYFBKBNXEBS44RRWBEE.JPG,2021-02-28T04:24:29Z,,,New York Daily News
feedfeeder,"Asian man stabbed in Lower Manhattan, suspect in custody - New York Post","Asian man stabbed in Lower Manhattan, suspect in custodyNew York Post Anti-Asian attacks: Chinatown patrols, guns and racial strifeThe Washington Post Anti-Asian violence has been rampant. Here's why it's not always a 'hate crime.'Yahoo News NYC attacker rand…",https://slashdot.org/firehose.pl?op=view&amp;id=143034868,,2021-02-26T07:52:25Z,"The F-15 Eagle: 
If it's up, we'll shoot it down. If it's down, we'll blow it up.
-- A McDonnel-Douglas ad from a few years ago",,Slashdot.org
Associated Press,LGBTQ Catholics stung by Vatican rebuff of same-sex unions,"The Vatican’s declaration that same-sex unions are a sin the Roman Catholic Church cannot bless was no surprise for LGBTQ Catholics in the United States — yet it stung deeply nonetheless. Marianne Duddy-Burke, executive director of DignityUSA, said her organi…",https://wgntv.com/news/lgbtq-catholics-stung-by-vatican-rebuff-of-same-sex-unions/,https://wgntv.com/wp-content/uploads/sites/5/2021/03/1000-1-1.jpeg?w=1280,2021-03-15T22:15:09Z,"The Vaticans declaration that same-sex unions are a sin the Roman Catholic Church cannot bless was no surprise for LGBTQ Catholics in the United States yet it stung deeply nonetheless.
Marianne Dudd… [+5310 chars]",,WGN TV Chicago
"Ariel Zilber, Associated",Proud Boys member 'was in contact with associate of Trump White House before Capitol riot',A member of the far-right group Proud Boys was allegedly in contact with an associate of the Trump White House in the days leading up to the MAGA riot at the United States Capitol on January 6.,https://www.dailymail.co.uk/news/article-9336075/Proud-Boys-member-contact-associate-Trump-White-House-Capitol-riot.html,https://i.dailymail.co.uk/1s/2021/03/07/20/40174230-0-image-a-9_1615148146350.jpg,2021-03-07T20:37:06Z,"A member of the far-right group Proud Boys was in contact with an associate of the Trump White House in the days leading up to the MAGA riot at the United States Capitol on January 6, it has been cla… [+9385 chars]",,Daily Mail
Graham Rayman,‘I came here to f--- up Asians’: Woman hit in face with metal pipe in latest Manhattan hate crime,"The victim, who is Asian, was walking near Grand St. and Ludlow St. when the bigot screamed the crazed threat and bashed her with the pipe about 4:45 p.m. Sunday.",https://www.nydailynews.com/new-york/nyc-crime/ny-anti-asian-hate-crime-metal-pipe-20210322-abziqfi57jhexivlrxqk33wuq4-story.html,https://www.nydailynews.com/resizer/3fBHltl1-_0o1qWDdLrosfQ8dH4=/1200x0/top/cloudfront-us-east-1.images.arcpublishing.com/tronc/VD3XBEGTFBEI7K3NMP2IETHBX4.JPG,2021-03-22T13:27:23Z,,,New York Daily News
Thomas Tracy,Woman walking dog in lower Manhattan is spat and cursed at in latest anti-Asian hate crime,The 33-year-old victim was walking her dog along Spring St. near Elizabeth St. when the stranger spat at her about 8 p.m. Wednesday.,https://www.nydailynews.com/new-york/nyc-crime/ny-woman-walking-dog-latest-anti-asian-hate-crime-20210318-ecdbbdeo6rgifouwojcqllyyqa-story.html,https://www.nydailynews.com/resizer/95oQlDRwwyq5OS3koN2g0-k3szE=/1200x0/top/cloudfront-us-east-1.images.arcpublishing.com/tronc/S4SY6O6O3ZADNLUPRLRIVYYS2A.JPG,2021-03-18T18:30:10Z,,,New York Daily News
Rob LeDonne,CHILLIN’ WITH SAM SETTON,"Chilled catches up with singer-songwriter Sam Setton...Read More
The post CHILLIN’ WITH SAM SETTON appeared first on Chilled Magazine.",https://chilledmagazine.com/chillin-with-sam-setton,https://chilledmagazine.com/wp-content/uploads/2021/03/Chillin-with-Sam-Setton-feat.jpg,2021-03-18T14:49:23Z,"The result are a variety of streaming hits, including Berlin (which has collected a cool half million listens on Spotify and counting) and Santiago (which is a nod to his Chilean roots and has collec… [+2547 chars]",,Chilledmagazine.com
Adry Torres,NYPD searches for ex-cop wanted in connection his mother's murder,"NYPD launched a hunt for former cop Osvaldo Díaz in connection to the death of his 78-year-old mother, María Díaz. She was discovered dead at the two-bedroom apartment they shared.",https://www.dailymail.co.uk/news/article-9312791/NYPD-searches-ex-cop-wanted-connection-mothers-murder.html,https://i.dailymail.co.uk/1s/2021/03/01/17/39909390-0-image-a-13_1614618573766.jpg,2021-03-01T18:13:28Z,"New York City authorities are searching for a former cop with a history of mental illness who is suspected of murdering his 78-year-old mother.
New York Police Department agents conducting a wellnes… [+2260 chars]",,Daily Mail
DAVID CRARY and LUIS ANDRES HENAO,LGBTQ Catholics stung by Vatican rebuff of same-sex unions,yet it stung deeply nonetheless.,https://www.startribune.com/lgbtq-catholics-stung-by-vatican-rebuff-of-same-sex-unions/600034604/,https://assets.startribune.com/static/img/branding/logos/strib-social-card.png?d=1615829588,2021-03-15T18:37:42Z,"The Vatican's declaration that same-sex unions are a sin the Roman Catholic Church cannot bless was no surprise for LGBTQ Catholics in the United States yet it stung deeply nonetheless.
Marianne Dud… [+5704 chars]",,Minneapolis Star Tribune
DAVID CRARY AND LUIS ANDRES HENAO,LGBT+ Catholics stung by Vatican declaration that same-sex unions are a sin,"Vatican statement says Roman Catholic clergy may not bless gay relationships as God ""cannot bless sin.” It was approved by Pope Francis.",https://www.stuff.co.nz/world/300253653/lgbt-catholics-stung-by-vatican-declaration-that-samesex-unions-are-a-sin,https://resources.stuff.co.nz/content/dam/images/4/y/r/h/7/7/image.related.StuffLandscapeSixteenByNine.1420x800.4yrh79.png/1615837416428.jpg,2021-03-15T19:43:33Z,"The Vaticans declaration that same-sex unions are a sin the Roman Catholic Church cannot bless was no surprise for LGBTQ Catholics worldwide yet it stung deeply nonetheless.
 Marianne Duddy-Burke, e… [+6907 chars]",,Stuff.co.nz
Pema Levy,Can an Oversight Board Created by Facebook Actually Fix the Company’s Failings?,"When Donald Trump reemerged at last month’s Conservative Political Action Conference to give his first public speech since leaving the White House, he made the animating focus of his post-presidency perfectly clear: he won the 2020 election, which was stolen …",https://www.motherjones.com/politics/2021/03/facebook-oversight-board-donald-trump/,https://www.motherjones.com/wp-content/uploads/2021/03/Trump-3.18.21.jpg?w=1200&h=630&crop=1,2021-03-19T10:01:35Z,"Former President Donald Trump leaves Trump Tower in Manhattan on March 9, 2021 in New York City. James Devaney/GC Images
Let our journalists help you make sense of the noise: Subscribe to the Mother… [+16196 chars]",,Mother Jones
"Sonia Moghe, CNN",New York prosecutor investigating Trump announces he won't seek reelection,"The New York prosecutor leading the most significant criminal probe against Donald Trump and his business announced Friday he is not running for reelection, putting the spotlight on who will be elected to take over the investigation into the former president …",https://www.cnn.com/2021/03/12/politics/cyrus-vance-not-running/index.html,https://cdn.cnn.com/cnnnext/dam/assets/200221104852-cy-vance-0215-super-tease.jpg,2021-03-12T11:46:04Z,"New York (CNN)The New York prosecutor leading the most significant criminal probe against Donald Trump and his business announced Fridayhe is not running for reelection, putting the spotlight on who … [+4695 chars]",cnn,CNN
